frame_num,track_id,x_min,y_min,x_max,y_max,object_class,anomaly_in_frame
3,1,42.86028890683254,30.19002867422647,148.1796238664034,121.38310407323094,7.0,5
4,1,42.89057863781268,30.155390777220987,148.24133527969855,121.34977921182397,7.0,5
5,1,42.94548921897924,30.06860508428506,148.39752329171395,121.34138942303744,7.0,5
6,1,42.70321046025538,30.030219101341736,148.5305603230973,121.67977093085969,7.0,5
7,1,42.667067130019085,29.923994365037068,148.5892303749088,121.72560520997558,7.0,5
8,1,42.608394885173425,29.82538073017617,148.65888262707526,121.82127287083463,7.0,5
9,1,42.60555741745838,29.76669432578219,148.85751188197267,122.09279418424512,7.0,5
10,1,42.64504008424144,29.72343967462981,149.0335228651776,122.3365967047016,7.0,5
11,1,42.93609952473877,29.734730893335367,148.82479106708496,122.05274831626944,7.0,5
12,1,43.05965294675528,29.86916995407212,148.6541378475782,122.04326892557002,7.0,5
13,1,43.15357932595063,29.940777261444246,148.64462117206105,122.12647533683835,7.0,5
14,1,43.27475436574142,29.943739027171958,148.6933384143293,122.14634269537031,7.0,5
15,1,43.49042010664736,29.896018971977846,148.70821755688888,121.98019497149139,7.0,5
16,1,43.693938491743424,29.737635780694582,148.58432279846443,121.59553857787333,7.0,5
17,1,43.78515033219766,29.61272750674987,148.36425198126557,121.25067734639353,7.0,5
18,1,43.81447200911256,29.659804627779522,148.2383862614136,121.19055972909734,7.0,5
19,1,43.6940914921621,29.688716337401246,148.34247611766537,121.50666178828388,7.0,5
20,1,43.53298997303148,29.724765674308358,148.4345658734266,121.8845233205105,7.0,5
21,1,43.51706791014753,29.7005018192254,148.4196097494169,121.95587759149024,7.0,5
22,1,43.5207388146645,29.61540769233296,148.4190268146994,121.95684492688005,7.0,5
23,1,43.532760078336416,29.554481993273846,148.51066873574408,122.07356738351658,7.0,5
24,1,43.58355062030076,29.57634195232996,148.50267456097353,122.13199541757834,7.0,5
25,1,43.700148464829084,29.63964474550395,148.33062693910688,121.98965616014635,7.0,5
26,1,43.8215526701929,29.647982909903114,148.19494031887308,121.80376048829774,7.0,5
27,1,43.88422946828266,29.676734275127416,148.1815156852875,121.79028903107559,7.0,5
28,1,43.94598080326783,29.668345737959676,148.1277332041729,121.70417462549062,7.0,5
29,1,43.981371279545755,29.708388007459405,148.15732914056701,121.76962086469578,7.0,5
30,1,44.02905785774351,29.701066591604146,148.0699326150432,121.6636120213221,7.0,5
31,1,43.976717493811385,29.716766805985877,148.10132908096583,121.78055284329201,7.0,5
32,1,43.9600683726181,29.76333183605587,148.1038766237811,121.9021301187199,7.0,5
33,1,44.101600933844274,29.848544166487045,147.9969385580862,121.79123177992759,7.0,5
34,1,44.18050692589764,29.846956197016638,147.94887631270228,121.69401317239637,7.0,5
35,1,44.198320302283626,29.868266830808068,148.06219281186463,121.80510071964065,7.0,5
36,1,44.25154765926059,29.84689029046836,148.08327883540406,121.75009053276582,7.0,5
37,1,44.1427696664154,29.996071977610043,148.37338662333048,122.33545987649622,7.0,5
38,1,44.21348115005247,30.07153597823629,148.29628967980082,122.30512512743323,7.0,5
39,1,44.17409998790314,30.112748217441556,148.36720617029317,122.55756836436814,7.0,5
40,1,44.14445486017209,30.132511449915846,148.42719836200035,122.78262849135353,7.0,5
41,1,44.13503235598814,30.19001669538231,148.4698434521519,122.97869568929575,7.0,5
42,1,44.13789236088915,30.233468008114166,148.4139298890351,123.06348602639989,7.0,5
43,1,43.812988957106796,30.159429121577226,148.70135949744466,123.71276138552886,7.0,5
44,1,43.68194670741389,30.053888342400782,148.84262126026934,124.04083322835758,7.0,5
45,1,43.617713553985446,29.821742455688245,149.11256489419281,124.29899921696085,7.0,5
46,1,43.76839367147717,29.826801369907443,148.98888944327956,124.19342837557527,7.0,5
47,1,43.862944179926075,29.793888949599534,149.08043725218516,124.31330919122627,7.0,5
48,1,43.98794813247056,29.773497105033044,149.04838121388272,124.2850947869301,7.0,5
49,1,44.14612629430347,29.878794630933264,148.84444777721478,124.16635042807934,7.0,5
50,1,44.220897094286414,29.88373469329425,148.73663333876587,124.10062059848701,7.0,5
51,1,44.071612078578326,29.680134381700626,148.98862902630924,124.42268929649713,7.0,5
52,1,44.02863851707775,29.56530732455485,148.95040113602326,124.43413113333321,7.0,5
53,1,43.577206518740766,29.713022917710262,149.32408780501515,125.53248759412428,7.0,5
54,1,43.47412135349545,29.75248989283203,149.4913181843632,126.03511012026287,7.0,5
55,1,43.62146508993626,29.85955202226387,149.19006525459784,125.84302897839942,7.0,5
56,1,43.63902198762599,29.9551305103872,149.04009879392873,125.90468992915882,7.0,5
57,1,43.58251534632012,30.33781593352542,148.53993604417275,125.85587915468345,7.0,5
58,1,43.4870958929082,30.47657659063114,148.37812660450567,125.93806810864407,7.0,5
59,1,43.50299758276372,30.647172655394485,148.0745802842825,125.62098805051963,7.0,5
60,1,43.42263418956636,30.81099956991875,147.9152618559202,125.52509243537096,7.0,5
61,1,43.06659847679337,31.260079817954015,148.02084241336348,126.31447753298986,7.0,5
62,1,42.764552876887485,31.37925924190214,148.17791034705664,126.8480672162564,7.0,5
63,1,43.03344322009262,31.244528069263446,147.98149148465563,126.11399680362274,7.0,5
64,1,42.98754120973445,31.201000315933918,148.04011139324246,126.0777520826689,7.0,5
65,1,42.90610309284396,31.513528425304706,147.6464330083167,125.86279510857108,7.0,5
66,1,42.8085095595257,31.683811137028265,147.61921400048024,125.87248720161577,7.0,5
67,1,42.64362199479321,31.78582230545649,147.62911065537912,125.88058043538112,7.0,5
68,1,42.60468425364867,31.803005538230572,147.72268057181958,125.75526891777352,7.0,5
69,1,37.96049652058449,29.16083783284231,152.65059210475573,132.1726934355079,7.0,5
70,1,36.41329490707621,28.161527480748354,154.3372670531076,134.53460461381957,7.0,5
71,1,35.995455350186475,27.760647010800085,155.0236117926492,135.60164835535411,7.0,5
72,1,36.00814446531783,27.619052090888815,155.0874611299673,136.00411448958647,7.0,5
73,1,35.85496543356564,27.198055965544917,155.27225924601674,136.28034743535562,7.0,5
74,1,35.98588334370755,27.09258546774747,155.1657557190171,136.31838489796115,7.0,5
75,1,35.12324596707349,26.21120779269956,155.79986183036914,136.97444797745104,7.0,5
76,1,34.884600827043926,25.910194690764826,156.004464489142,137.1958812988005,7.0,5
77,1,34.45156610526029,25.107524008529424,156.85759387253,137.58901979967644,7.0,5
78,1,34.142847829546525,24.70097724907854,157.2501720687658,137.84970849858257,7.0,5
79,1,33.353556489493606,23.922815782704042,158.03019975590848,138.42834424024701,7.0,5
80,1,33.027276131366015,23.662628659609055,158.36516450691758,138.6944968919629,7.0,5
81,1,32.233488476384686,22.832212295221396,159.04264614473237,139.02039004328992,7.0,5
82,1,32.86503819974214,28.42083280375013,158.9051572827758,143.78042494494298,7.0,5
83,1,33.192901747564726,30.869820468906802,159.42882366301882,146.30899319306423,7.0,5
84,1,33.15716984810028,31.663719288966732,159.66102471653386,147.22729864749942,7.0,5
85,1,32.71623489892142,31.981627759488674,160.17746873455673,148.20220272111263,7.0,5
86,1,35.230511952639674,32.08121596805918,163.2774263550025,148.88130132068534,7.0,5
87,1,32.764417200988674,32.00529349619371,162.20895534089578,150.04663865968817,7.0,5
88,1,34.67721853157971,32.03368375819389,164.39820573429955,150.42059898192215,2.0,5
89,1,34.758015603791335,31.81834214254529,166.40480609857732,152.06200650459232,2.0,5
90,1,34.77426347695037,31.75230739569522,167.19061208054262,152.73091177137022,2.0,5
91,1,34.34626113693527,31.960507946703316,168.4244364842903,154.61088413006814,2.0,5
92,1,34.40995996874962,32.24302053528308,168.6547431526705,155.16465728462697,7.0,5
93,1,33.782743728302364,32.30163027778349,169.51263370253977,156.71481978818085,7.0,5
94,1,33.73810313950115,32.370393803464275,169.65786117981196,157.04261758619785,7.0,5
95,1,33.480855257977865,31.6958597982942,170.80277867929829,157.803720560053,2.0,5
96,1,33.43229523602639,31.42397768313206,171.27638651730436,158.1782530982235,2.0,5
97,1,32.25673671055225,30.764205840709224,173.72711657457015,161.2391176032252,2.0,5
98,1,31.718991058905104,30.47447366870415,174.5347928799348,162.556576968545,2.0,5
99,1,30.234943370606445,30.35014193910409,176.55438363848242,166.24916185703182,2.0,5
100,1,29.947685094801415,30.391357661112806,177.03069985452612,167.52620685220202,2.0,5
101,1,30.6340350337001,31.232231934032924,177.84256360742648,168.8128052708019,2.0,5
102,1,30.927369000003807,31.677011918443142,178.09226504235573,169.51304432458033,2.0,5
103,1,30.362929837474667,30.655576175796398,180.5097733480942,171.84689093650877,2.0,5
104,1,30.065027347330528,30.255077985572555,181.41400596059165,173.15230370872024,2.0,5
105,1,31.724205105358877,30.051929335137814,183.8108308152831,173.81977126133575,2.0,5
106,1,32.41990144185495,29.896978258348653,184.57938996111687,173.894923578972,2.0,5
107,1,33.81389772780432,29.834385938847362,186.58160955860987,174.5323035061736,2.0,5
108,1,34.357943411062266,29.79546002380326,187.10017892682424,174.59305765471282,2.0,5
109,1,34.66260273458421,29.722309420116744,190.8700641099643,177.98212276580725,2.0,5
110,1,34.9225374716775,29.85433140937066,191.97984536926492,178.99124055105779,2.0,5
111,1,35.951117619872264,28.74619121554791,196.17676419656132,180.63642330659383,2.0,5
112,1,36.506502721649966,28.562728086567844,197.31772942046672,180.7010091981383,2.0,5
113,1,36.765197875234676,27.876981598983008,200.19740505747103,182.02265061975277,2.0,5
114,1,36.661617230931256,27.64513958726515,201.37133782508639,182.6061584651875,2.0,5
115,1,38.09862595323132,28.250131580789656,201.5335479302924,180.64282402894196,2.0,5
116,1,38.4491081435425,28.726014960131494,201.6794972669395,179.63906555070923,2.0,5
117,1,40.30827796331674,30.088188597845786,200.91886728973748,176.4925260552443,2.0,5
118,1,40.537019474390036,30.773239119337674,200.93628666024523,175.06689997838606,2.0,5
119,1,30.458590763876472,28.73798130860611,211.01807787722242,191.62801771153966,2.0,5
120,1,27.08478320762552,27.93806309259992,214.3705895408306,197.3455989731989,2.0,5
121,1,44.34332483338646,30.168707480091214,215.09952412486035,183.22481038432062,2.0,5
122,1,51.09540592478204,31.10803141631257,215.32749475273914,177.07838923207976,2.0,5
123,1,46.091806778940935,31.053584246220893,226.66308164060374,192.5293221382763,2.0,5
124,1,44.75148862701508,31.20243165144231,230.0900710710302,197.8779401953396,2.0,5
125,1,45.69014178726903,31.67019647106929,231.194139668629,198.945764295968,2.0,5
126,1,45.83421578982649,31.856338300328062,231.21675158749048,199.4544277538841,2.0,5
127,1,47.54707522374811,31.709499295201198,233.51123847909406,200.5384802650268,2.0,5
128,1,48.56612864575172,31.549715030439756,234.11088395512863,200.623647874139,2.0,5
129,1,49.61344087449709,33.49306958504097,234.89638428476871,202.58859341387142,2.0,5
130,1,50.057409633214036,34.02580406787479,235.2433806538234,203.3121325319017,2.0,5
131,1,50.97663507903367,32.93814531017776,237.74439461924118,204.39428142428022,2.0,5
132,1,51.533698919876414,32.615068369138456,238.2786930467122,204.6946424005743,2.0,5
133,1,50.571863840112314,30.941611854999394,240.2253915298163,206.14507179855036,2.0,5
134,1,50.25726484409351,30.473743761243796,240.58851955140221,206.64960970134132,2.0,5
135,1,44.988388599967564,31.51510954320132,240.08099081318312,208.25808081309538,2.0,5
136,1,41.9260746245552,32.24606643184757,241.0302337224761,208.97889898160759,2.0,5
137,1,38.92502539148224,32.42214085688313,243.9538970009893,209.97203797993768,2.0,5
138,1,36.65877272962241,32.430438246245004,246.32276123870565,210.10737375575434,2.0,5
139,1,33.25362019888925,32.11752034921034,247.73434906893303,209.68886793577693,2.0,5
140,1,30.81622328314387,32.17285447175408,249.27809247186343,209.2168607177804,2.0,5
141,1,27.61004946824626,32.00699136931887,251.89784470135845,209.6351670467435,2.0,5
142,1,25.222443619380584,32.008311837083184,254.45056647000447,209.97653876339194,2.0,5
143,1,23.05368643429344,31.45584542015,257.6769051449684,210.4948053898692,2.0,5
144,1,21.17923629705662,31.276361619254928,259.8915028005296,210.5201861216588,2.0,5
145,1,20.543251343885387,31.207276521383264,261.41833968117385,208.6646396546564,2.0,5
146,1,18.670947871067014,30.853042070199933,263.60726254952885,208.39906467097325,2.0,5
149,1,19.3792558148526,31.39716949994498,266.1697432662115,207.11992841010266,4.0,5
150,1,19.04391879821648,32.138627518426105,267.53767287714504,206.13187619252403,4.0,5
153,1,19.31964207015615,30.07208268851427,273.4845274501982,205.1002300366593,4.0,5
154,1,18.133290602944555,29.303087739614938,276.5600778281496,204.66508661844955,4.0,5
165,1,43.62391033459592,33.343682292209266,295.75480401851235,204.64694963562482,8.0,5
166,1,52.954652687815,35.093574269993184,302.74764446244046,204.99437319699297,8.0,5
167,1,56.7987348987445,36.46802126508973,304.3971566784496,204.21296015099313,8.0,5
169,1,57.68954116145471,37.62580713255154,304.42157927383766,203.66947368783752,8.0,5
170,1,57.4369053798288,38.01377806600429,304.22411621076947,203.09244178078222,8.0,5
173,1,59.49131863929246,37.41627640591808,308.69559313774664,202.5687771723936,8.0,5
174,1,59.58833609770839,37.25273499551369,310.68282547893574,202.25788918073383,8.0,5
175,1,58.56264386295027,36.66410548956762,312.79973788998757,202.99809782125686,8.0,5
176,1,57.705175027603744,36.502647012021896,313.6754615058572,203.30192785419982,8.0,5
177,1,42.258891103712415,34.938448858117454,304.94493641251177,204.16660894685901,7.0,5
178,1,35.60399085806668,34.24120762545884,302.5482690947804,204.4964407430728,7.0,5
181,1,32.087124081968284,35.19959314190129,300.49513955011435,203.93321619566692,4.0,5
182,1,30.01531141948385,35.640652673440954,300.7391082760057,203.66937369641977,4.0,5
183,1,28.51987194468697,35.06395148921317,301.84856788793684,202.90981452636078,4.0,5
184,1,27.044185302445186,34.739818456394175,303.41337187942963,202.87252978513408,4.0,5
185,1,27.080456323256186,35.49519899943819,302.6264610627138,201.56274707609924,4.0,5
191,1,26.313468561962594,35.70729017886437,301.732359757366,200.37716826132947,4.0,5
192,1,25.3757734530202,35.765238630425,302.0688782955679,200.00541379957104,4.0,5
193,1,22.25572700958358,34.50520090344018,303.86298832989485,200.6916668177692,4.0,5
194,1,21.02319181654724,34.250978333902,304.8112425808582,200.78428450486325,4.0,5
195,1,16.330748484799642,32.85946565821082,306.94476739034906,202.75466830681307,4.0,5
196,1,13.829569804336927,31.774627271045276,308.8358828658579,203.85226410658885,4.0,5
198,1,10.807457048627327,30.08603392078352,313.3013554615316,206.76687807824612,7.0,5
199,1,9.871294516731552,29.64308398361287,315.38515677605363,208.58039857595742,4.0,5
200,1,9.787519101721074,29.688784513362222,315.5557692280519,209.10938621115497,4.0,5
201,1,11.239702178149457,30.103889948199694,314.88046101829923,208.59213880788053,7.0,5
202,1,12.067438832927166,30.124271258520608,314.56405560163034,208.2698904524483,7.0,5
203,1,9.732665437956797,27.80041326114329,315.9917421207232,208.59828723505447,4.0,5
204,1,8.70705080605643,26.84638890622456,316.4389962786153,209.00268584092572,4.0,5
205,1,8.930261244223658,28.13229780573421,315.35518239300734,209.58775800845376,7.0,5
206,1,9.110387979006788,28.57918873374956,314.9343145903831,209.7720390610771,7.0,5
207,1,12.48498697423102,31.304528142643107,311.6697805424949,208.48441278869262,7.0,5
208,1,13.983910993750243,32.612179382162,310.3595905490645,207.99544701754104,7.0,5
209,1,11.350144513876842,31.128700722196044,312.7013506857229,209.91131635657266,4.0,5
210,1,10.743427192236595,30.751390482592498,313.2309241697469,210.58649219992014,4.0,5
211,1,11.03270663767151,30.642364972163108,313.5421495496108,210.89304571204156,4.0,5
212,1,11.698493858032833,30.684995190570817,313.6471382088779,211.00429256308806,4.0,5
213,1,14.369231883069773,31.869694152069513,311.1727536443009,209.04401121567895,7.0,5
214,1,16.012338988487016,32.58266530006897,309.9424668973462,207.91219812951823,7.0,5
215,1,14.875199140198333,32.20246031506905,310.33865880435144,208.30122255692487,7.0,5
216,1,14.11649925952318,31.898560078896352,310.98758582314474,208.74849408220564,7.0,5
217,1,10.738058004055176,29.618611219141016,313.75712217055735,210.9036964692433,7.0,5
218,1,9.679781343420899,28.566853261018736,314.37982655834026,211.6029136709318,7.0,5
219,1,11.031625469077056,28.491948398317547,312.96986279487544,209.98200183056724,7.0,5
220,1,11.692054875040355,28.61778683713166,312.34194524977516,209.40745222772549,7.0,5
221,1,12.7423982950111,28.419081687751856,311.53158586965685,207.99566399542942,7.0,5
222,1,13.388393113279278,28.652560547769397,310.9044658964397,207.3175253495358,7.0,5
223,1,13.649399855938185,29.443032508551383,310.84241025352367,208.02286783832193,7.0,5
224,1,13.376210792646987,29.719777030487947,310.770341416587,208.4803791639829,7.0,5
225,1,14.90039584009611,30.705099325400397,310.263320291404,208.08700947638195,7.0,5
226,1,16.512157246292134,31.769492180084086,309.601145731077,207.59833470345188,7.0,5
227,1,16.86435871733636,31.675000091940447,311.2194503700498,208.23476788785354,7.0,5
228,1,17.04731609397578,31.845805228927645,311.8547910838029,208.63682233743913,7.0,5
229,1,19.655553165548696,33.93283963805858,309.100320661457,206.70287110419684,7.0,5
230,1,20.14672993692801,34.48067908104012,308.5666944077398,205.98469421513397,7.0,5
231,1,20.624663504505662,35.50425607755092,308.2361225368659,206.23664999336876,7.0,5
232,1,20.273491277857403,35.681947365512414,308.50417179070644,206.4880152109484,7.0,5
233,1,18.493119900230226,34.8350704817496,310.1236078402518,207.46159630055806,7.0,5
234,1,17.50602313091926,34.301754983282976,311.1688824449377,207.98025094181003,7.0,5
235,1,16.283267594596424,34.20889757590521,312.749159143303,209.42749873128585,7.0,5
236,1,15.951862145774726,34.33564183241285,313.23931287028506,209.86054638489873,7.0,5
237,1,15.962976234565105,33.91811781910042,313.70337107519526,209.36708359268573,7.0,5
238,1,15.710130295787081,33.609541882698366,313.990741431006,209.10231313813102,7.0,5
239,1,15.428608507121425,33.10852734401797,314.39866871353536,208.28125207916955,7.0,5
240,1,15.09326167090228,33.04370238576193,314.8958671577303,208.05023918205626,7.0,5
241,1,13.863502399679192,33.50035529963088,316.3180840047476,209.20728744457702,7.0,5
242,1,12.82874770826723,33.679842589519765,317.32033296224904,209.83198791930846,7.0,5
243,1,12.34861273827832,33.18657867118631,318.2640180987946,209.70869967542572,7.0,5
244,1,12.016055710825952,33.112814248953896,318.7460864797408,209.72126242352633,7.0,5
245,1,31.80404168762533,35.25204772080508,330.92750623073687,208.99097993834116,2.0,5
246,1,39.700799854719975,36.021327557804966,334.7957668793497,208.81300322409936,2.0,5
247,1,43.75004329880787,36.16420416139967,335.452791493518,208.3451128126054,2.0,5
248,1,45.60961073535489,36.12249528752034,334.511667602266,207.87182096525308,2.0,5
251,1,46.96125234619839,36.10180097937642,333.50262780508194,207.56509061036007,2.0,5
252,1,47.85344801694774,36.12355516110969,332.37899034066857,207.3765543411123,2.0,5
253,1,48.43551584711912,35.77985265747509,332.229590456833,207.41653312305934,2.0,5
254,1,49.0001668509303,35.84653233818052,331.30326067106887,207.2788794364326,2.0,5
255,1,49.18232391075608,36.15252434932502,330.81707277192345,207.97568570338177,2.0,5
256,1,49.33161477885787,36.52666607425674,329.94586400984394,208.4556583433244,2.0,5
257,1,49.753273018471276,36.758839035860504,328.10053085596087,207.85728590991988,2.0,5
258,1,49.70923643398177,36.676761650834166,327.5370399261975,207.98976596582912,2.0,5
259,1,50.87648995404402,37.158554087231565,326.51998653400415,207.4942940901351,2.0,5
260,1,51.786429537238945,37.441709427032436,325.6533674673941,207.02694213489542,2.0,5
261,1,52.34808375248568,37.61609692502536,325.20851054821117,206.95581951526907,2.0,5
262,1,52.786096529702036,37.768461837175835,324.86697722515447,206.95006782741717,2.0,5
263,1,52.49751289959184,37.571178775507704,324.4032950248244,206.910013058255,2.0,5
264,1,52.47398065466055,37.643110399374805,323.9766316819803,206.94624776458318,2.0,5
265,1,52.03934335719572,37.0096389024349,324.6967237982438,207.42462165224612,2.0,5
266,1,51.822117890836495,36.75624758741117,325.00945132497225,207.8481319577909,2.0,5
267,1,52.12594820313916,37.0172120590197,324.97096088930914,208.21457261135288,2.0,5
268,1,52.34169901150116,36.93115985942998,325.01544423104417,208.34035220964853,2.0,5
269,1,52.37640733724183,36.73181081321712,325.111544920876,208.58570422409463,2.0,5
270,1,52.699416119983084,36.699054952049906,324.94090743484014,208.61218436422882,2.0,5
271,1,52.87560896944774,36.38615523777699,324.9463195273767,208.57609320146804,2.0,5
272,1,53.00478762740988,36.207833997250546,324.79991510808446,208.5729049821905,2.0,5
273,1,53.229339384026645,35.771007038092606,324.83274937375984,208.3254620667617,2.0,5
274,1,53.3186733305339,35.65167606309606,324.81157435960733,208.4333909844427,2.0,5
275,1,54.26545173525079,36.36056957126124,323.44314989114855,207.7198603267086,2.0,5
276,1,54.533724528078466,36.552551232744406,322.9665605351744,207.5096767118834,2.0,5
277,1,54.17871873545815,36.38079652945589,322.9686609466503,207.65533452657775,2.0,5
278,1,54.17937333046734,36.47407880019688,322.7670088624978,207.6572040089335,2.0,5
279,1,54.05831170552506,36.54132163066596,322.9600494968821,208.00752457530984,2.0,5
280,1,54.10474130632642,36.56565723803486,322.99226141605914,208.1030976549572,2.0,5
281,1,53.56818853786132,35.98555602472334,323.87689873430344,208.73802341295647,2.0,5
282,1,53.530600599290295,35.855255144318974,324.0551918205555,209.04150023750884,2.0,5
283,1,53.77779000998987,35.93215930639259,324.37631322854435,209.43734202387157,2.0,5
284,1,54.13763398755927,35.984286699650724,324.45165213151506,209.55163813073324,2.0,5
285,1,54.37134261258606,36.28761542609216,324.63531172305943,209.9801535355938,2.0,5
286,1,54.72141439332711,36.30137344301606,324.45995463981006,209.78821979834584,2.0,5
287,1,54.7764698966034,36.20814653126905,324.20871297743474,209.56787608477134,2.0,5
288,1,54.840665698541784,36.19050608600173,324.01735033869335,209.44879189529973,2.0,5
289,1,55.0928081408168,36.167871860701524,323.63556170770335,209.04307768341667,2.0,5
290,1,55.494135537027915,36.3151259252933,323.2626413920377,208.6760033409323,2.0,5
291,1,56.03745410319465,36.451565236752415,322.6960117150803,208.08749621117624,2.0,5
292,1,56.23937662075335,36.61495519885766,322.492934020318,207.96579544457273,2.0,5
293,1,56.180303928585374,36.631056020413,322.5042792037717,207.95257127324288,2.0,5
294,1,56.091516728986846,36.61880420164455,322.6577599662507,208.05747140008822,2.0,5
295,1,55.37488969357699,35.82885015042642,323.4493673840001,208.28814449400937,2.0,5
296,1,55.21608497659034,35.467842574561715,323.837559301229,208.32775626458135,2.0,5
297,1,54.84159634164931,35.754098532898766,323.7828259340887,208.90978735579046,2.0,5
298,1,54.7060164182424,35.78851875909024,323.79775252816023,209.17135587233136,2.0,5
299,1,55.61267974441162,36.14825967094286,322.87157640408964,208.43838350583536,2.0,5
300,1,56.01518515491392,36.296069206213446,322.8112212854763,208.3928517894213,2.0,5
301,1,56.46018965091329,36.66905734817399,321.72818307484624,207.3903587075604,2.0,5
302,1,56.29017252558131,36.68422234961949,321.73367665480146,207.19408532834603,2.0,5
303,1,55.3480745620117,36.10243894071213,321.69068219295843,207.10705531085898,2.0,5
304,1,54.897730787089614,35.896990536265406,321.85140701463024,207.25605170320495,2.0,5
305,1,52.78796846149643,35.4120150558725,323.2893477341512,209.21896241886498,2.0,5
306,1,52.03040704098984,35.090997023500975,323.96398919052933,209.9920816907847,2.0,5
307,1,52.1438479454186,35.78572621561115,323.99916141504707,210.90386663948925,2.0,5
308,1,52.59649997824897,36.086782340971396,323.62255064483946,210.83871347890044,2.0,5
309,1,29.44162728234778,31.8535438255646,315.70934272467815,214.8489464796668,7.0,5
310,1,20.186565828192187,30.400715397858832,313.56576354556637,216.41057167244753,2.0,5
311,1,18.266571771642816,31.016717824040143,311.43286193065444,215.12688067897002,7.0,5
312,1,16.788148372713835,31.230558596570575,311.73738232508515,214.8665540180135,7.0,5
313,1,14.913001906637703,31.136168059078926,312.5869080214774,215.244076969158,7.0,5
314,1,14.218149688741818,31.33016372620625,313.2781748726992,215.1463499997219,7.0,5
315,1,14.367008392306928,31.873362637396056,313.45379083169223,214.3689649449807,2.0,5
316,1,14.147881796293035,32.2462226015076,314.09855264404746,214.08515560729887,7.0,5
317,1,16.172996549147626,32.901858052377136,313.08859436337144,212.04335917879348,7.0,5
318,1,16.480288675143584,33.06702350770742,313.32158855871717,211.3877859323265,7.0,5
319,1,16.760960699809146,33.7538031748433,312.8413564944309,211.07280055750937,2.0,5
320,1,16.713463709198635,33.91625663247886,312.8446026882201,210.85318474589576,2.0,5
321,1,33.398218070176966,35.66199864313147,324.45225201658184,210.57284094575755,7.0,5
322,1,39.83580786664851,36.14960326443071,328.5208495994134,210.58687318445598,7.0,5
323,1,24.24905516716541,34.48296301068234,319.7889117385744,212.68829322543468,2.0,5
324,1,18.35814046799692,33.84509196594766,316.58558578334106,213.28954646283654,2.0,5
325,1,15.680142711781428,32.854691870610864,316.0480071201432,213.2405159104107,2.0,5
326,1,14.573892624595743,32.5042130633702,316.1864039389553,213.3027830675278,2.0,5
327,1,30.06416891885894,33.416485979932844,326.8523708664684,212.92851024323954,2.0,5
328,1,36.43978382362883,33.69110931180822,330.2434195053011,212.86709129085995,2.0,5
329,1,39.93174990207402,34.069466443736744,329.9675326234293,212.28339653585607,2.0,5
330,1,41.61519069111844,34.13747685845075,329.24556965699617,212.08513572420478,2.0,5
331,1,43.927896241165115,34.57321625606974,329.18132792727675,212.12446015190184,7.0,5
332,1,45.360931967423994,34.86113101259909,328.38501072189354,211.97935532738634,7.0,5
333,1,30.76512615874674,35.409369826460946,315.43669864809016,211.9413100629476,2.0,5
334,1,24.78856232149704,35.671677750227346,311.2037028455941,211.78365108809282,2.0,5
335,1,38.12432408382267,35.38849266629089,322.0701700496775,210.9002627568231,2.0,5
336,1,43.578980361065106,35.26339301661193,325.74270067434634,210.47365251623344,2.0,5
337,1,44.48095228220717,36.11229184559906,327.22308625981157,212.23729848622554,7.0,5
338,1,44.6817351904312,36.27398345413471,327.572101431274,213.0069825922415,7.0,5
339,1,46.37274574796717,37.54090284287476,326.13996773053793,211.93312135055652,7.0,5
340,1,46.663038990007095,37.92211953793013,325.68255078016307,211.53021982190972,7.0,5
341,1,45.55696798865645,36.82043794645237,327.0302095819477,212.12368492909428,2.0,5
342,1,44.885300518197454,36.33184947485337,327.5142967536739,212.51283918273162,2.0,5
343,1,45.681522002573104,35.166806497784535,326.97143652460915,210.77027714618924,7.0,5
344,1,46.18414559521514,34.639841050951276,326.809830392898,210.0861619200086,7.0,5
345,1,46.40230574137027,34.7917822985935,325.7463935958791,209.42602959598054,2.0,5
346,1,46.21728994629598,34.879717009899295,325.38334940513664,209.3724644780351,2.0,5
347,1,47.30541379609434,34.39929882132553,325.08213062877485,208.32960365834208,2.0,5
348,1,47.80068294497636,34.247585090285355,324.90100127627704,208.00281417474713,2.0,5
349,1,47.04286006540343,33.795536696277566,324.4260777429711,207.78807581728486,2.0,5
350,1,46.881829234246055,33.66773209077819,324.1648596138002,207.6253375059365,2.0,5
351,1,46.29686818327539,33.471977996360906,324.32687245586567,208.03883097624532,2.0,5
352,1,46.590262682591515,33.59973558750744,324.06760690668466,207.88003220752506,2.0,5
353,1,44.92356544121063,32.13606783927136,323.75937792107345,207.56227955172128,7.0,5
354,1,44.47144196442329,31.766247570867534,323.16511174984396,207.28586704020879,7.0,5
355,1,45.23727506836926,30.88935808119696,323.48567160205755,206.6020158849193,7.0,5
356,1,45.91611130111775,30.771005969722196,323.1526830545823,206.21475992643184,7.0,5
357,1,46.163932880771824,30.76923507373786,323.26117283550536,206.36796505517884,7.0,5
358,1,46.67015646524308,30.836180039389745,322.97598135672763,206.08075381083358,7.0,5
359,1,32.745504949828415,21.154914772562776,309.89618720042904,195.8449360847609,2.0,5
360,1,26.8639326348287,17.310768720276627,305.96909687596025,192.3232347822182,2.0,5
361,1,26.112476110116035,17.25173784874667,303.73153895792177,190.26760431828112,2.0,5
362,1,25.591237704755088,17.43721609864997,303.5470944816447,189.67709548389828,2.0,5
363,1,27.36762880135734,18.649778925630628,303.2790293249464,188.64309310010174,2.0,5
364,1,27.63374055110674,19.142514549691228,303.8384468121819,188.4090405152806,2.0,5
365,1,37.33683806299382,25.21280797504312,319.22454290753325,198.8830497030435,7.0,5
366,1,41.01686642188281,27.289031676621292,324.6219674206977,202.8750484840425,7.0,5
367,1,43.528464152169704,28.481537730314145,324.46348656915325,203.32726279920928,7.0,5
368,1,45.10214960565392,28.95117982481979,323.69378513029403,203.09652674490462,7.0,5
369,1,46.3542975332449,29.911870210250584,320.7916016273659,202.0333110823115,7.0,5
370,1,46.75024751602368,29.993106884673168,319.62316945928546,201.70886066978977,7.0,5
371,1,46.9559119513215,29.214625717436547,318.3251756981457,200.60397836037424,7.0,5
372,1,47.27260125312603,28.925108134731616,317.3742257888109,200.04273885752968,7.0,5
373,1,49.580066599744015,30.166648023136375,312.6606258480874,196.67441883268077,7.0,5
374,1,50.46944738699244,30.585793319911403,311.2193910570214,195.41896737078142,7.0,5
375,1,43.65243068656076,26.874796402756175,301.05721882272877,188.19212127278536,2.0,5
376,1,40.31633571961626,25.237681830826915,298.24917200628624,185.79539361360668,2.0,5
377,1,39.24162455765915,25.119036883860716,297.1648653201212,184.65340407448468,2.0,5
378,1,38.439653269359724,25.22035489155965,297.29763569881464,184.42580659284178,2.0,5
379,1,43.097805454863845,28.782991090378886,304.80871918332184,190.0909301581967,7.0,5
380,1,45.054952897065334,30.010447391239765,307.64653101098776,192.15379275917866,7.0,5
381,1,45.17688753326985,30.209534265599146,307.5759563078059,192.56456908336827,7.0,5
382,1,45.20369425783332,30.165755406706268,307.5735119560192,192.85401833501118,7.0,5
383,1,41.82588855793438,27.388655014217306,300.314022238832,186.86897008756543,2.0,5
384,1,40.102977622766616,26.32303585310237,298.1062805066188,184.76830356075033,2.0,5
385,1,39.683161261480905,25.712429374379724,297.7037707802347,183.33690923425678,2.0,5
386,1,38.73066021598541,25.29742487869447,298.2668567794028,183.16284444127743,2.0,5
387,1,39.683112093071486,27.419853905259245,306.4434922322021,190.06095412897605,7.0,5
388,1,36.031853940305496,30.521941345237053,300.3609590360718,190.5490161975861,7.0,5
389,1,36.31988188994987,26.53577926796406,299.1655628631029,185.19779594062726,2.0,5
390,1,36.10059992681994,24.993320361677647,298.9877002806491,183.2566375068289,2.0,5
391,1,37.89655638096937,25.279241434711366,297.18456019740995,180.87121290509342,2.0,5
392,1,38.50704592008029,25.432864573767503,296.6912042315504,179.93375223371788,2.0,5
393,1,34.75442465163658,30.18208077695897,296.79620634075013,186.58083211471077,2.0,5
394,1,33.29005704928028,32.01506785839045,297.0034771507108,189.03409033025815,2.0,5
395,1,32.745793931309294,32.99870087491064,296.2638226423021,189.8934054698404,7.0,5
395,2,46.6378416918629,32.24069172912773,290.1990417705164,163.85601698747274,7.0,5
396,2,46.4548580574441,32.02812640934772,290.4103865366843,163.83710133844326,7.0,5
397,2,45.71333132553917,31.18857578284309,289.63270316765727,162.90470079248084,7.0,5
398,1,32.07320650962342,32.82759515614309,295.3576664839884,189.27346465378707,2.0,5
398,2,45.36921388441293,30.91373506719306,289.4071603208392,162.6205586691541,2.0,5
399,1,28.713374393150758,31.71092465914822,295.89277545431764,190.6813781155693,2.0,5
399,2,42.98980549354279,30.232793423446097,290.0842889217762,163.73534488806365,2.0,5
400,1,28.036094913707217,31.5228948166167,295.7431917418262,190.9370141200995,2.0,5
400,2,42.428293891923474,29.978906696665035,290.28863527732364,164.07268949395666,2.0,5
401,1,30.128676905725314,32.9153969876466,294.58543068086976,189.84360565364958,2.0,5
401,2,44.74009136462189,30.132369801177745,288.73402466071053,162.1016518738818,2.0,5
402,1,30.927507536528708,33.52312852885814,293.99236255109673,189.08795473903157,2.0,5
402,2,45.02315170836225,30.211934944442646,288.50200639862516,161.9377068141144,2.0,5
403,1,29.907712394275592,34.14126684975763,292.34967924000705,188.68467835552252,2.0,5
403,2,45.16744727391969,30.043119110291244,286.6568504177484,160.5236490528373,2.0,5
404,1,29.528625108997204,34.392624182364656,292.1129789137773,188.4839870226649,2.0,5
404,2,45.32284048456677,29.9454644951345,286.11749488232226,159.91941557387653,2.0,5
405,1,29.511471794783347,34.81604414395352,291.2079871808639,188.37796069742208,7.0,5
405,2,44.98146144885844,29.065784218007664,285.5506705134499,158.7332673073932,7.0,5
406,2,44.81473633702991,28.9573673599388,285.810828892372,158.70721214520142,7.0,5
407,2,44.902695183223685,28.789032059897195,285.2521282061994,157.78292290159663,7.0,5
408,2,44.7978377044969,28.976235593924045,285.2153921156211,157.60260694352962,7.0,5
409,2,43.206154120389,28.37456065650045,285.70182737164043,157.85291953863452,7.0,5
410,2,42.7119895572971,28.089023460181693,286.01270746366987,157.69584894222257,7.0,5
411,2,42.139717958432314,27.421255181156482,285.2657099600257,156.59470002528607,7.0,5
412,2,42.13067596063809,27.329300798159835,284.9782282293253,155.98500724645862,7.0,5
413,2,41.22885960988867,27.053922061145386,284.98458000258876,156.01636882181873,7.0,5
414,2,40.409300937671546,26.843124481601706,285.280123119449,156.32235620531208,7.0,5
415,2,39.984767992776796,26.79615058102354,285.1863787241231,156.4768503507883,7.0,5
416,2,39.743930069495974,26.62834995688044,285.1083712793726,156.3948496381309,7.0,5
417,2,40.438960721871894,26.407726667834183,284.38476615527213,155.24075691632083,7.0,5
418,2,40.571330265463686,26.27685472498092,284.3617018733781,154.88024708013205,7.0,5
419,2,40.794604638483705,26.27033416585526,284.49851071610027,154.72729197005629,7.0,5
420,2,40.98482796272884,26.41324232209223,284.51202097938415,154.6340178386712,7.0,5
421,2,40.611784882516176,26.158566788633664,285.5743270607675,155.2263192525329,7.0,5
422,2,40.553670119130345,26.225562257029125,285.7909882347835,155.52617499443448,7.0,5
423,2,40.54588168798665,26.30610342877229,285.7945287243024,155.7029853614971,7.0,5
424,2,40.61355445692848,26.34245484619771,285.7584371739507,155.7611430469073,7.0,5
425,2,40.66123880826443,26.3676154472587,285.72026376478624,155.81782606456625,7.0,5
426,2,40.738582601734365,26.41643944160775,285.62061585802667,155.81400847591482,7.0,5
427,2,40.52789934982596,26.333793988413177,285.71731963893274,155.93410357078204,7.0,5
428,2,40.441295912236754,26.291543520559202,285.75129789267254,155.9902996659376,7.0,5
429,2,40.96454037756658,26.628403948534668,285.8378673718014,156.0494596906344,7.0,5
430,2,41.11017831678184,26.736583252730938,285.7875153994634,156.0063822443065,7.0,5
431,2,41.78936661711697,26.77476764646117,285.4419135262953,155.32545060112113,7.0,5
432,2,42.0299281550098,26.83754552487177,285.3355346608971,155.02598197211034,7.0,5
433,2,42.128066814747356,26.71786155920661,285.614660616794,154.7876274564248,7.0,5
434,2,41.981077450383594,26.6626915019436,285.83245522782056,154.7162203402392,7.0,5
435,2,41.17988863179204,26.593617523439335,286.57647084250294,155.39340246849412,7.0,5
436,2,41.12170820324491,26.701049336328722,286.86375330652635,155.5449997093732,7.0,5
437,2,41.66457656939734,26.915010107302663,286.8136001316141,155.28151201807984,7.0,5
438,2,41.90219074830051,27.095337664532025,286.7929797416317,155.1328688161934,7.0,5
439,2,41.208538375817085,27.112729856413594,286.78003748548076,155.49848202202384,7.0,5
440,2,40.94334398638185,27.14040581276086,286.6725947719407,155.56808679054322,7.0,5
441,2,40.95557567463055,27.2406164655859,286.7080002854777,155.62795937893924,7.0,5
442,2,40.93157235360269,27.263294255836072,286.79651133335744,155.68017956681194,7.0,5
443,2,40.90846419558339,27.349294626877423,287.5276688354014,156.27773924887066,7.0,5
444,2,41.06915898271728,27.430796639508543,287.6670873421128,156.43894086484596,7.0,5
445,2,41.85260833469904,27.633671460437427,288.01284071593034,156.3714447815002,7.0,5
446,2,41.838049208686556,27.554017457392305,288.1381458186196,156.37486825571193,7.0,5
447,2,41.59050887818208,27.662769530137098,288.8428357318778,156.9421879531747,7.0,5
448,2,41.50153885883991,27.73328252427791,288.9906245587511,157.0775760661176,7.0,5
449,2,41.35739226239893,27.59876185496816,290.20573426334454,157.62588898103408,7.0,5
450,2,41.458108940623944,27.62992534447376,290.56671670727974,157.7341206050334,7.0,5
451,2,40.98355164335754,27.521696265848703,291.26039439593876,158.3862906052017,7.0,5
452,2,41.01282613352281,27.548511929747917,291.2713795297499,158.5235770736495,7.0,5
453,2,42.728377468456216,27.92684848416401,292.13264115794857,158.46756352691483,7.0,5
454,2,43.721817235591416,28.136411039125093,292.1671378539086,158.10525109604225,7.0,5
455,2,44.255206899875844,28.92256478341902,292.4500218300557,158.4492870011394,7.0,5
456,2,37.34554558708146,27.033659749826867,299.44658769952696,163.32880867761452,7.0,5
457,2,41.520796898654964,28.959773853382373,294.9708047189554,160.5049547569364,2.0,5
458,2,43.035284199928654,29.690534587651996,293.2299187547657,159.34789408849178,2.0,5
459,2,44.94442515257877,30.866333013193326,292.6667241395766,158.6424707224748,2.0,5
460,2,45.16856230011044,31.053222816287793,292.96412589156944,158.32313451086918,2.0,5
461,2,42.62892078849107,30.0341921063101,294.1851844333402,159.4156606425811,2.0,5
462,2,41.58955912882574,29.534681889601288,294.6430056712266,159.91426919371406,2.0,5
463,2,49.438732210203185,31.933669436894817,298.3171183053081,160.36365240049116,7.0,5
463,3,38.98475044215343,11.024151990767407,296.14576084285727,156.35154353645214,7.0,5
464,2,52.597106037636834,32.85222067257323,299.61855547803015,160.47484695502035,7.0,5
464,3,41.569716268009515,5.334624008200066,295.095261785455,148.39500284897957,7.0,5
465,2,26.00677236816196,32.904436299124924,311.71699340135115,182.2919723738758,7.0,5
465,3,46.852864431481805,-5.009867443623818,292.5714573546441,133.64517341087966,7.0,5
466,2,44.00411367592787,32.71372256407747,304.3638870138511,169.0393436222051,7.0,5
467,2,24.93197805453812,32.8930586265206,311.5589256909212,184.5523072065414,7.0,5
468,2,45.735558827860444,33.46212246323307,302.16802259964663,168.81146999871225,7.0,5
469,2,47.046214611322455,33.35132292892962,293.74639502327915,162.83698209635816,2.0,5
470,2,47.17406672201815,33.25584560354079,291.0447000834668,160.62310940839382,2.0,5
471,2,46.317051812850465,31.93436744278985,291.66314569307997,159.7621474797529,2.0,5
472,2,46.084150235289826,31.56915372458804,291.8135840201793,159.2769744812717,2.0,5
473,2,31.18832208070799,26.387863975606606,304.5329071694607,168.91539693102806,2.0,5
474,2,25.885938160897695,24.570511284057417,309.2462949455972,172.78764588264096,2.0,5
475,2,23.685941640443104,24.399040977411374,310.1611214137012,174.56962224411328,7.0,5
476,2,23.271214738073297,24.42053004726307,310.02861581370615,174.96995534215657,7.0,5
477,2,24.77759763260272,23.67748289181084,309.59063884040336,173.43704496690242,7.0,5
478,2,26.03472681322731,23.604466894719152,309.0028769196406,172.52395077962274,7.0,5
479,2,26.509102556869493,24.132410709407637,307.97508939299723,172.18866564735515,2.0,5
480,2,26.435349169950797,24.335126119811974,307.6661569836667,172.17980354205054,2.0,5
481,2,25.135310757681196,23.979104625704863,309.24124332381973,173.30974840743943,7.0,5
482,2,24.567125911228175,23.8523115207812,309.9851581749674,173.8765612501951,7.0,5
483,2,24.17391116314488,23.825456732749956,311.31440136309743,175.17752852301868,7.0,5
484,2,23.97201438941977,23.781552360183042,311.8355558893773,175.93734262649556,7.0,5
485,2,23.909914553278156,23.95574066066753,311.90396053273963,176.4283540751166,2.0,5
486,2,23.83190306523892,23.93990378763141,312.0521942194149,176.77570375068854,2.0,5
487,2,25.204748467071056,25.531643015185807,310.7178335827766,176.8511898744168,7.0,5
488,2,25.938768736321293,26.195384664516496,310.13880208279613,176.80952944671603,7.0,5
489,2,26.51102029467515,26.408112227760256,309.94962710097,176.40265829429512,2.0,5
490,2,26.8775840358239,26.601152375833195,309.8228780499444,176.14337291879883,2.0,5
491,2,27.367149958666403,27.013534360419,310.279388373883,176.20597690600653,2.0,5
492,2,27.56041518334382,27.259968401345176,310.37287816394445,176.07409434697553,2.0,5
493,2,26.82149106265436,27.51703866893267,311.4639554279256,177.30211991025175,7.0,5
494,2,26.351027095544254,27.39328015891813,311.9782399647056,177.69782752068437,7.0,5
495,2,26.04248018535219,27.961296290847542,311.4680939546408,178.28018713737185,2.0,5
496,2,26.019271730090566,28.091039182237495,311.276188909207,178.4747250680756,2.0,5
497,2,24.70799208868297,28.38508187700164,311.0100505853791,179.25192122512584,7.0,5
498,2,24.179327151294814,28.425943012219875,310.9644940275888,179.57508391063067,7.0,5
499,2,24.27885259600575,28.45756372816932,310.8492680165083,179.1872873846051,7.0,5
500,2,23.99047956713659,28.324727863134186,311.31962793180173,179.1335984980381,7.0,5
501,2,21.27178043279781,26.749949784524816,313.88212651657796,180.413087667097,2.0,5
502,2,20.249412543117785,26.136968596298942,314.79765999223116,180.89165182728377,2.0,5
503,2,20.148622939814572,26.04441744823488,314.8922577395033,180.9893477745357,7.0,5
504,2,22.771317479138645,27.47635807557849,312.8770400521114,179.6718351065977,7.0,5
505,2,24.04816539125318,28.136279411569916,312.06577977568054,178.93666734339038,7.0,5
506,2,24.594290392119518,29.041692305828576,311.63763293880345,178.61411263813937,7.0,5
507,2,24.827842014830566,29.703684565209613,311.38268037678165,178.34179227968548,7.0,5
508,2,24.111789376824873,29.50934497975348,312.1270435236528,178.76749868524797,2.0,5
509,2,23.840141140161535,29.594326727138608,312.3399869983783,178.9198827639879,2.0,5
510,2,22.258437176686954,29.754986449633478,312.5873177525234,179.68234974767932,2.0,5
511,2,21.306614545578896,29.620568098650537,313.14291771538336,180.06036909730233,2.0,5
512,2,23.116467577217037,30.66690451708,311.9551665026363,178.66469345569965,2.0,5
513,2,23.247055812818047,30.991972889029327,311.95773821145497,178.2066591577452,2.0,5
514,2,24.03926439654566,31.43187256156928,311.799220511915,177.49094741361262,2.0,5
515,2,24.427828009455027,31.842119256843475,311.70805113614654,176.963724909044,2.0,5
516,2,21.970129892357903,30.270430237701305,336.5856960533582,191.8437110978434,7.0,5
517,2,22.637633026429683,29.569128714960456,343.9551029332958,197.08904035113966,7.0,5
518,2,33.34825922776909,27.891537060610617,339.2939349106073,188.74436521549836,2.0,5
519,2,38.19133568647237,27.188557462607022,336.49177929849213,185.22109529006093,2.0,5
520,2,26.291602528181897,27.406301118480755,320.2997090038616,182.90346507503102,2.0,5
521,2,21.647515823813336,27.476467363610737,314.40160632984566,182.08895637585647,2.0,5
522,2,7.495173723353105,29.910743992933362,325.18541376374566,199.4038857231964,2.0,5
523,2,3.6599159546102555,30.644281417891577,327.9902062211016,205.34330975516582,2.0,5
524,2,3.862523539078012,31.523264583437978,328.05890235944184,207.59889838107262,2.0,5
525,2,5.2385826760551595,32.139357975520454,326.98057364664066,208.18982583156054,2.0,5
526,2,6.4135950411711065,32.30160618102876,326.2680737352471,208.60766488276,7.0,5
527,2,7.320191981694535,31.895090190480715,325.5662418465222,208.52137985528685,7.0,5
528,2,5.1969577991633855,32.16595774407102,326.54374772884574,210.51438052179236,7.0,5
528,4,60.7057552018656,28.33434707042086,313.72533443673484,209.2036257033023,7.0,5
529,4,56.26105061919776,27.894238875489677,312.5992137312011,210.60388488580145,7.0,5
530,4,54.92045063011426,27.693400595903668,312.7442103053885,210.86079691464215,7.0,5
531,4,54.34711209242005,27.72785684051638,313.1106674672553,210.93664927938937,7.0,5
532,2,3.0896644233448,30.816862160387487,326.38505932480666,211.87502718626314,2.0,5
532,4,50.5854629886083,27.32448329281459,311.5352329916628,212.08114703556123,2.0,5
533,2,4.349178614672724,30.96170131867538,324.85169471066183,211.7460341525576,2.0,5
534,2,5.890332726246868,31.235759287251966,323.63657244544294,211.14428316252702,7.0,5
534,4,70.9042407533415,29.845879724717022,321.01671791303454,207.38862737206478,7.0,5
535,2,6.976313319049922,31.27175494478867,322.8585253029204,210.84415113368283,2.0,5
535,4,72.10042402315521,30.042198274162786,321.77646457582546,207.27513867341085,2.0,5
536,2,6.473129829708228,31.305433431936507,323.00612160417745,211.24961189925364,7.0,5
536,4,59.70025349905744,29.490644690563457,313.882340786189,208.9034090346056,7.0,5
537,4,57.0606413270627,29.617756605359602,312.55786255988755,208.9520233765851,7.0,5
538,4,57.682372588866656,31.002030309561434,312.30431587025487,208.68841287175587,7.0,5
539,4,57.58982637108585,31.674845514865865,312.49134912840714,208.59448909835865,7.0,5
540,2,11.119040974547886,32.44549760036314,319.2054292952624,208.2695952698532,7.0,5
540,4,68.75711675305135,32.053217487258735,319.8209576855696,206.96046967335747,7.0,5
541,2,11.917934475104943,32.65265675969923,318.3371591458084,208.11230184045039,7.0,5
541,4,73.15393390634917,32.22207745203738,322.1492264238375,206.28682946379547,7.0,5
542,2,11.420091044439573,32.9259629479871,319.22132935793906,209.7005686125194,7.0,5
542,4,75.54625116023408,32.64913549221093,322.35756762016257,205.27243471194492,7.0,5
543,2,10.96700944259328,33.158414451198894,319.35909278357457,210.67233075446845,7.0,5
543,4,76.08829476388149,32.84214233177414,322.5233749385704,205.3082520254866,7.0,5
544,2,9.299023067273964,31.9026098833465,321.20780115708146,211.8826903647515,7.0,5
544,4,76.89636721519143,33.117818979772764,322.03740569933814,204.52416827152229,7.0,5
545,2,9.076118128384422,31.623008269510734,321.3385370615672,212.08307869811875,7.0,5
545,4,77.3231226675461,33.372387942945096,321.5059415750777,203.93938513230015,7.0,5
546,2,7.738802163221322,30.208298723433316,322.8679088364105,212.66366915792065,7.0,5
546,4,76.35104808633096,33.317268537993414,322.4134344728261,204.96763419865334,7.0,5
547,2,8.03516285495968,30.012915277689515,322.74704233591376,212.45346008731997,7.0,5
547,4,76.21099061549644,33.481835665860146,322.3975308716143,204.98407329911163,7.0,5
548,2,7.482161337286016,29.668465553603625,323.35916450226654,212.78682910827703,7.0,5
548,4,67.75947388922276,33.427097141912654,315.63689019197597,204.95470881925212,7.0,5
549,4,64.11948201294076,33.15016182031938,313.58388094710153,204.6816095475789,7.0,5
550,2,8.467786357824167,28.697996586402297,323.2227459452141,211.8447367379643,7.0,5
550,4,68.82034818033995,31.97234763962622,322.13909789551997,206.31828990195032,7.0,5
551,2,8.719056233767503,28.530630196515816,322.9679756134407,211.9193240146824,7.0,5
551,4,71.04429269621819,31.78223834512812,324.82210988557574,206.5722551354282,7.0,5
552,2,8.434041823194406,28.181168919958424,323.39829861846863,211.9899078382461,7.0,5
552,4,65.4926695596958,32.04049658736406,319.65868948663257,206.31372497504023,7.0,5
553,4,63.01969336883079,32.00395913999992,318.3299124038318,206.3916412403748,7.0,5
554,2,6.479124193200505,27.525495302836035,324.07499500516815,213.31292369212446,7.0,5
554,4,68.71505864053432,31.9186558243714,323.63772946478156,206.33963075964817,7.0,5
555,2,6.852687069384018,27.550785688988825,323.74740371939674,213.2439813695982,7.0,5
555,4,70.81709004590346,31.817142572707695,325.58623209466526,206.3805660140371,7.0,5
556,2,8.019653838420055,28.562431081623558,322.2999494521267,212.98489579568673,7.0,5
556,4,70.66251558585066,32.022201491026365,327.33768445962494,208.34631444329085,7.0,5
557,2,8.092163365185286,28.605402890649216,321.92937122654234,213.07685578726313,7.0,5
557,4,70.43947727558384,31.924670197554263,328.05631017823146,209.36746184164832,7.0,5
558,2,7.913311233975975,28.59439110144764,321.95086314329046,213.18642135391428,7.0,5
558,4,63.218976461744546,31.076396952042586,322.32427562355446,209.32697568949007,7.0,5
559,4,60.452050748133644,30.845350237379648,320.03928416594385,209.1818536298678,7.0,5
560,2,10.501601150610924,30.886532288800666,319.4711294737119,212.64991154809434,7.0,5
560,4,66.44052633139518,32.0666154609912,325.45266152991763,210.46266864510244,7.0,5
561,2,11.00115077327564,31.400958083956922,318.83658373458036,212.72029956612016,7.0,5
561,4,68.72695816531012,32.518739847067096,327.495292454717,211.19393160034627,7.0,5
562,2,13.18409635527442,32.28390516516032,316.0451459941397,210.51190949571716,2.0,5
562,4,69.05032997891897,32.6666986753861,328.41058028582836,211.75056225373712,2.0,5
563,2,14.218069606622777,32.74941191707232,314.8200265464926,209.47846916167555,2.0,5
564,2,15.016797589793725,33.23976649814546,313.8245236269642,208.9166481184746,7.0,5
564,4,72.83912181116156,33.25097481718804,325.26931127433306,207.6380922125411,7.0,5
565,4,73.17265024082221,33.186886588368424,325.00486781571306,207.28034943846845,7.0,5
566,2,13.812536071786639,32.49062129262407,313.8321268107919,208.70177461427969,7.0,5
566,4,73.24242664165821,33.375932330115546,325.0829188248904,207.67882723486704,7.0,5
567,2,13.601571392668035,32.391151566033386,313.82041376393954,208.542781044999,7.0,5
567,4,72.72179842591585,32.969968666267235,325.59188186260815,208.3120060559824,7.0,5
568,2,57.325172963506716,33.40586833330134,308.5287985618813,181.7199995172619,2.0,5
568,4,76.91420452606383,34.74966014166661,321.06575153680717,203.41440811134913,2.0,5
569,2,74.08606739030583,33.91258818887947,306.2882175455617,171.70285761307048,2.0,5
569,4,78.39136134132373,35.53482005705152,319.50005732353947,201.50448817757606,2.0,5
570,2,84.44123385189901,34.270143711405,304.91485847926094,165.10284310744316,2.0,5
570,4,44.96122092291543,33.760323650670614,302.44226041335116,207.4477577492058,2.0,5
571,4,31.498851475541386,33.05080491079222,298.0286966460144,209.58928714923775,7.0,5
572,4,24.448506905031905,32.05210873092288,298.7692496154351,211.48551043554045,2.0,5
573,4,20.76910611168543,31.453435721491516,300.6384733544759,212.58749705964289,2.0,5
574,4,21.431070649504647,31.838450546150867,301.65134635882083,210.7804286628034,2.0,5
575,4,20.987954155384017,31.94691356614922,303.3396226321895,210.1917606419218,2.0,5
576,4,50.22498967705252,32.59020715215772,323.54864615653156,207.15019022152762,7.0,5
577,4,62.216418273210905,32.79107018945395,330.08884874331557,205.68432610561257,7.0,5
578,4,61.769315446087035,35.84433026487288,322.90775965442833,204.30620062008114,7.0,5
579,4,61.07390221315157,36.739858403884824,320.50430011322646,204.06930168060217,7.0,5
580,4,61.16374194967645,36.447112577554435,320.20513273201414,203.61483825995813,7.0,5
581,4,33.66127639901157,32.07243268977284,311.5351895863402,209.54080019310067,7.0,5
582,4,23.311429095198832,30.817899394454585,308.5109038967215,211.29226181790472,2.0,5
583,4,19.010496126880838,30.283360321823963,308.0867177621883,211.7070245794178,2.0,5
584,4,50.065187072892655,31.756933833946107,324.26491801147085,205.65211749592083,7.0,5
585,4,62.53832417736044,32.10904802530504,329.93822484444814,203.3419586740175,7.0,5
586,4,63.78735766166332,31.73944120744403,335.20461708949404,208.02793132725463,7.0,5
587,4,65.14078447563915,31.687089592194425,335.78909949400827,209.7272861490818,7.0,5
588,4,67.81505471514501,31.74018826053262,333.3871382974935,208.2116009672188,7.0,5
588,6,5.799226480693733,29.235748123233293,320.8952929767567,212.4038820237201,7.0,5
589,4,69.56977637680339,31.72552220843177,331.38495580449035,207.30976011339862,7.0,5
589,6,6.056905053847515,28.913931337962026,320.5995316973036,211.87606173346634,7.0,5
590,4,71.34020624868646,31.63796256247781,333.21481555967983,207.26197963984797,2.0,5
590,6,4.011696334269175,29.286054767544698,321.864936483756,214.39090558074315,2.0,5
591,4,69.63172074567322,32.36921670302023,330.9372248014256,209.47812092210177,7.0,5
591,6,3.518584617036538,29.534112260669175,322.27182369342984,215.40971988131463,7.0,5
592,4,71.26097095050969,32.624005259085294,329.0601488203423,209.0813103068259,7.0,5
592,6,4.277827034875031,29.89881513746731,320.8809874044129,214.73671097864502,7.0,5
593,4,72.58006469981288,32.876035971682626,327.49606237042394,208.88832259309098,7.0,5
593,6,4.2595031811946455,29.94954814630826,320.3027978405152,214.69450982763095,7.0,5
594,4,67.09479691182594,34.55178772987183,319.2021986024226,207.66353747117444,2.0,5
594,6,3.769164451475717,29.94756961065947,320.4316010397716,215.05445725020394,2.0,5
595,4,64.58099865112979,35.175638268729415,316.3864268382894,207.14697469511722,2.0,5
596,4,70.66129428561098,33.477143694630485,321.9683780740281,206.0723144138738,7.0,5
596,6,1.859261723046302,26.094670320356315,325.21821852841555,216.01215384549232,7.0,5
597,4,73.32397202240097,32.998060329317894,323.62220719941604,205.84217358668445,7.0,5
597,6,1.4331263693856897,25.40220663605136,325.6814936277052,216.7559612858896,7.0,5
598,4,75.08947376595795,33.59358032631589,323.16906192149736,205.90461566029313,7.0,5
598,6,2.7611561585626703,25.607713734820848,322.949789668167,214.98231692068185,7.0,5
599,4,75.9589258388286,33.78738545783895,322.6760001656735,206.0899532651863,7.0,5
599,6,3.3220963568941215,25.644041426993553,322.0459611209398,214.62364464419272,7.0,5
600,4,70.95120705131752,34.363571979912464,316.6017191764844,204.605145278053,7.0,5
600,6,54.94408646324507,35.84610740071247,325.24440892973433,198.61018460117597,7.0,5
601,4,72.4604890214633,25.64440128965518,312.11775081343103,190.68899917160005,7.0,5
601,6,75.46987136185643,40.03700793516845,325.282605538281,192.55697098435627,7.0,5
602,4,68.8724653060193,31.19537770540107,315.11708999025353,200.25308346188768,7.0,5
602,6,80.46376475376029,39.776229858144646,325.76102313048756,191.8715072351161,7.0,5
603,4,67.48007511934702,33.22855201007556,316.49227366510354,203.79350132769332,7.0,5
603,6,82.58359518031085,39.44157121237319,324.75569199345426,191.79075094988178,7.0,5
604,4,71.26148096044642,32.70631967263833,323.5193514416971,207.1687007048491,7.0,5
604,6,89.85852925978055,40.64007302486871,326.3192966134178,189.39638335734557,7.0,5
605,4,72.88499277008255,32.641706144980034,325.96849643715325,209.37521450851767,7.0,5
606,4,75.52885239828079,33.44735165300406,325.40021319044416,208.9313655552106,7.0,5
607,4,76.98942439476576,33.70452304249709,324.6503629453294,208.5403451756527,7.0,5
608,4,77.53914403698893,33.31923721871658,324.62571320323116,208.8870747336703,7.0,5
609,4,78.04403169765618,33.10215563831446,324.0442267227046,209.01243647697208,7.0,5
610,4,80.66646169731278,34.05406962838077,321.67166451812363,207.0826432531629,7.0,5
611,4,81.81711175068487,34.515983938600655,320.5094146960361,206.44465046230033,7.0,5
612,4,71.80809538655556,33.914064015114135,317.06627511755835,209.35771586082183,2.0,5
613,4,67.85345162970248,33.88942438796542,316.11248148736615,210.3746132717579,2.0,5
614,4,74.22288378582367,33.067939979612305,320.70219322364807,209.88272943378715,7.0,5
615,4,77.17815384218284,32.73958046532026,321.97411895640226,209.76729285601334,7.0,5
616,4,70.8380676613052,33.23552289322572,317.04414972131895,210.2136174811942,2.0,5
617,4,75.99798331200842,33.33052251495671,320.3515930229229,210.4222499373738,7.0,5
618,4,70.72060824771495,33.77429258326427,316.2737203600637,210.67840953905397,7.0,5
619,4,68.46152079424346,33.99550098225288,315.0389169384986,210.65548307719783,7.0,5
620,4,37.607676322101014,28.48126989535345,304.714840890818,217.08397810431484,2.0,5
621,4,31.030341356914988,27.481478541630324,301.6123123286145,218.5382292091362,2.0,5
621,6,52.89974041996743,33.790355147734346,329.139610911408,209.8601146724413,2.0,5
622,6,52.342029036581295,33.64859751677234,327.81426126365227,210.65234222172768,7.0,5
623,6,52.847523704748454,33.59781077684494,327.1135102638017,210.96082610943262,7.0,5
624,6,51.938446076693566,33.25265895749703,326.94212342701906,212.22145031278663,7.0,5
625,6,52.14873896117345,33.22009569198333,326.6047309171166,212.80372635448526,7.0,5
626,6,51.34561372138472,32.084103120270484,327.3215175670133,213.61193644619624,7.0,5
627,6,51.5652101079217,31.743678448834743,326.73900466989284,213.5329631372242,7.0,5
628,6,52.53499821138533,31.86898987561075,325.83604441862474,213.05105634978997,7.0,5
629,6,53.2551888778558,32.09264527934393,325.064189417866,212.85274206934565,7.0,5
630,6,54.434463294195496,32.69503543978986,323.55012038569095,211.93480667373734,7.0,5
631,6,54.94937963816977,32.96644694216481,322.97692836564516,211.67122514470276,7.0,5
632,6,56.12461720151782,32.462724519527626,322.0046908151216,209.992896067112,7.0,5
633,6,56.63303078935553,32.28853495484053,321.9166524126368,209.66433312169028,7.0,5
634,6,55.8045785414736,32.59386253152985,321.8363623686927,210.68979800196593,7.0,5
635,6,55.57803158684146,32.55872704418839,321.92719916956486,211.0902409672384,7.0,5
636,6,54.61020850241681,32.66490723654117,321.56227500271854,211.70557880703842,7.0,5
637,6,54.375289623733266,32.84749299853701,321.3617908693532,212.03641273558884,7.0,5
638,6,54.781239362690684,32.57938002757331,321.5780438655961,211.84821515058226,7.0,5
639,6,55.041633830769996,32.47180715775444,321.7286314677774,211.85597515318824,7.0,5
640,6,55.87717295663313,32.09364505606891,321.27336029319895,210.6975873012097,7.0,5
641,6,56.609330246947394,32.20426223289604,320.9178779896191,210.1589090859468,7.0,5
642,6,56.429472627059,31.429702274566708,322.0730918995208,210.63020442820954,7.0,5
643,6,56.4937837887862,31.274870286218288,322.2374512248231,210.88992613170268,7.0,5
644,6,56.79742345510391,31.23198235817148,321.70914893443495,210.66210836494767,7.0,5
645,6,57.18514493332495,31.372694994537824,321.3794821893971,210.68086469519406,7.0,5
646,6,57.65218565396256,31.897138666324437,320.7754429528462,210.64119360972967,7.0,5
647,6,58.219446327082835,32.42469636493141,320.3701548052963,210.575602223498,7.0,5
648,6,58.084682737275784,32.35252050563135,321.11112596220306,211.14085561480704,7.0,5
649,6,57.77470731241675,32.18042025208166,321.6366247584244,211.62506896983552,7.0,5
650,6,57.33072496669436,32.28343922841823,322.277927367463,212.63854549238556,7.0,5
651,6,57.51183758147323,32.461223109648586,322.3114199858853,212.79183473572218,7.0,5
652,6,57.20241063641245,31.875570014360875,323.1469431838524,213.28403065485057,7.0,5
653,6,57.25090736008434,31.796965334728156,323.10565621246747,213.3961529953406,7.0,5
654,6,57.2943565980182,31.526703949043053,322.97714072294684,213.3762877457056,7.0,5
655,6,57.27724111063614,31.38989798739719,322.6176140162181,213.34407581120263,7.0,5
656,6,57.054235779876194,31.11858067004107,322.2516980989836,213.2305872538384,7.0,5
657,6,56.88435144372093,30.88345990026218,322.13266254460405,213.29151058603014,7.0,5
658,6,56.63447791636983,30.72387568802381,322.26718971680054,213.70297665965583,7.0,5
659,6,56.647351600585324,30.592323639443663,322.35372423518754,213.97761153285455,7.0,5
660,6,57.62938151662655,30.986442435513652,321.57201701866626,213.52913788086414,7.0,5
661,6,58.056820487134985,31.293051564553323,320.9176123282287,213.40743179651548,7.0,5
662,6,59.092799563111356,31.670400874646816,319.94931610156607,212.30449729707462,7.0,5
663,6,59.16353944357371,31.612149408578787,319.948658706456,212.11374342028267,7.0,5
664,6,59.935639814547955,32.21521684782597,319.5769957080578,211.75799911510808,7.0,5
665,6,60.104843860446664,32.4161372535784,319.37801058903085,211.5098160948094,7.0,5
666,6,59.50256168583388,32.14051527147167,319.91325062939586,211.67590173217815,7.0,5
667,6,59.376804711000375,32.09482887868904,320.2911671536959,211.69419727682444,7.0,5
668,6,58.29323403596999,31.505914426119446,321.05264216114466,212.6307049817999,7.0,5
669,6,58.412966919213716,31.451847905257637,321.03727979615655,212.71350989739707,7.0,5
670,6,71.69034541220134,31.03802790337086,331.53344956908916,212.6725831704248,7.0,5
671,6,77.61189081427779,30.92075213142651,334.526858590521,212.60299810926284,7.0,5
672,6,88.1498429614363,31.890817346334288,331.8745294488194,207.1268774597571,7.0,5
673,6,92.81744943126569,32.169690656899704,329.5294331665476,204.94459068202343,7.0,5
674,6,87.57531913205409,29.68153868101119,333.5945866860901,211.06878451297223,7.0,5
675,6,86.41052565671609,28.9240789428072,334.18109285453613,213.2727513338524,7.0,5
676,6,86.11752211272875,28.28986515823361,334.04531905503256,214.6390392134722,7.0,5
677,6,86.18082491113228,28.070570460246046,333.3110420390874,215.52682447930425,7.0,5
678,6,87.86611587442069,28.371310481561338,331.1987291813299,214.32298787435815,7.0,5
679,6,88.77166866317339,28.599550386195432,329.8975786416041,214.1103431310188,7.0,5
680,6,89.2956110517206,28.60644070195437,329.2830165898596,214.23592481449336,7.0,5
681,6,89.8490144366576,28.56559118117761,328.8797520572015,214.39635789884454,7.0,5
682,6,98.95192575147715,30.586817440718292,324.22937669581256,207.3977953332191,7.0,5
683,6,102.83391169435501,31.314145667212173,322.063972504107,204.89083182735448,7.0,5
684,6,98.92593953946721,30.714156991578676,324.29030011074224,209.94986734739268,7.0,5
685,6,97.96248792786088,30.47194880405013,324.7305912777384,211.51537851006808,7.0,5
686,6,97.9127916269244,30.06470787713647,325.5536057030719,212.52049558426134,7.0,5
687,6,98.32763221298998,30.131710450258126,325.4660426828817,212.78497477725745,7.0,5
688,6,97.59596210270509,29.580856156238,326.41716639962965,214.4076475440337,7.0,5
689,6,97.49884441840284,29.392088322418985,326.5368468642737,215.15269365071714,7.0,5
690,6,96.5882505096498,30.02784099971653,325.90652425081606,216.55028824297432,7.0,5
691,6,96.51179595979576,30.27234798706553,325.6269049503577,217.1409112968077,7.0,5
692,6,99.73825997305708,31.336786958669705,325.6159045788905,215.90236292318718,7.0,5
693,6,100.90329651249789,31.587417455665744,325.60494658953473,215.52896725445805,7.0,5
694,6,102.26859711258092,31.130616758359608,326.61947825252844,215.3043266413526,7.0,5
695,6,102.57273321861808,30.627637258954735,326.94384946535297,215.39095761984225,7.0,5
696,6,103.29681154695508,30.336468410245885,327.00238478177437,215.15640188405683,7.0,5
697,6,103.84405907322979,30.335092166426463,326.6245983364463,214.91000308205673,7.0,5
698,6,104.60267075814265,30.1764429638594,326.9954863614498,215.23956607967278,7.0,5
699,6,105.58071332236611,30.550667589721627,326.3002840856607,214.84913894747294,7.0,5
700,6,107.48715844758371,32.0232507348757,325.26651473866286,213.9098564542536,7.0,5
701,6,108.28537065800732,32.76136579482257,324.69938549464445,213.47001885168595,7.0,5
702,6,108.59105044222306,32.96093602257751,324.11475670991126,212.74210331843722,7.0,5
703,6,108.60748217636285,33.15026025014565,323.97001419484724,212.59692758457805,7.0,5
704,6,109.15022349564947,32.65770129762143,324.5501995093932,212.06661306951904,7.0,5
705,6,109.07823755151949,32.28617429562797,324.9836514539261,212.0466743305142,7.0,5
706,6,108.0665972071152,30.930685328435544,326.31909417767685,212.57736313956266,7.0,5
707,6,107.84687702203536,30.89639812318316,326.52270517463194,212.7668691571771,7.0,5
708,6,107.50606071568086,30.84277422011081,326.8092477403892,213.17602676572326,7.0,5
709,6,107.11667519999932,30.771554146381092,327.0156581392715,213.60965466604,7.0,5
710,6,106.61682357948735,30.507082329404795,327.1143717944845,213.84371105520043,7.0,5
711,6,106.54826662648736,30.22956502423247,327.21778344590126,213.7335989740599,7.0,5
712,6,106.34944676736683,29.134410764745553,327.8914592654279,213.83678403775096,7.0,5
713,6,105.96200618400536,28.45794746829236,328.282396592633,214.3988516849684,7.0,5
714,6,106.07554239978788,27.71179283255647,328.3239377214621,214.36555389982925,7.0,5
715,6,106.52363907630951,27.5657794813184,327.9987232571483,214.21677471212092,7.0,5
716,6,107.52476012618442,28.69353018024995,326.7939515271539,213.36749209729658,7.0,5
717,6,107.56390438262898,28.86715555679244,326.5896693231116,213.29378200653758,7.0,5
718,6,108.49646108447882,29.41648487013414,326.0132003655485,212.69645956387535,7.0,5
719,6,108.55904033854623,29.16083015823577,326.2460719762669,212.76134643834382,7.0,5
720,6,109.79577853982131,30.301908407070087,324.6601664510546,211.69575890059878,7.0,5
721,6,110.33865255447976,30.648425996314458,324.094229870769,211.25981295912248,7.0,5
722,6,113.35159223919477,31.281050760326266,321.5962884921173,207.32899945389386,7.0,5
723,6,114.25585073662283,31.097216154819918,320.9606584367045,205.98791782569685,7.0,5
724,6,114.48663234601806,31.33336664592781,320.65096701417895,206.2787846112401,7.0,5
725,6,114.86843437866654,31.4090052004524,320.2172257759421,206.0704688469554,7.0,5
726,6,114.31930202237909,30.670753693212305,321.3278560898589,207.39864298258044,7.0,5
727,6,114.25805558581702,30.366297659321006,321.5678691612621,208.02076216231052,7.0,5
728,6,114.633681698009,30.753997365953182,321.69662097935634,208.6747244554036,7.0,5
729,6,114.72653511643918,30.693368325617257,321.7674767155562,209.0604917926126,7.0,5
730,6,114.9842543229535,30.8409532192384,321.39779655997194,209.07781653219342,7.0,5
731,6,115.21651699635899,30.92643446040907,321.0339204455547,209.10505320184956,7.0,5
732,6,115.51559885483337,31.737162343415037,320.5678699613617,209.88816265342666,7.0,5
733,6,115.95951389146165,32.227130026894656,320.05617605654646,210.07947377235797,7.0,5
734,6,116.45609489590947,32.06706343633935,320.3699565413313,210.53060612655645,7.0,5
735,6,116.66409215268126,31.896867995800804,320.43158892756037,210.9965559812124,7.0,5
736,6,116.41559989076488,31.70352065700085,320.79093500943367,212.10909517230465,7.0,5
737,6,116.35599229977068,31.378553562986298,320.7901061569489,212.62303138986505,7.0,5
738,6,116.29294194192173,30.57895646784462,321.1556396250144,213.20986031179132,7.0,5
739,6,116.35260924826963,30.12708760141487,321.1182570417051,213.6655118934656,7.0,5
740,6,116.40807135659516,29.69032604990454,321.01958179500826,214.31252995834328,7.0,5
741,6,116.69636555043466,29.349167510519308,320.6805033137024,214.64760162895692,7.0,5
742,6,117.1901424076377,29.093606404386705,320.22859076347606,214.71773957529706,7.0,5
743,6,117.78942223398222,29.101245056722775,319.61429788964193,214.62925893250392,7.0,5
744,6,118.14983493834912,29.057416306282065,319.21947436343913,214.73379902337956,7.0,5
745,6,118.74092282092579,29.14513795235665,318.66208588812543,214.47596241717883,7.0,5
746,6,119.66068404638281,29.696888820268327,317.6384465511148,213.6433015316195,7.0,5
747,6,120.15966639431842,29.96579484158366,317.09854110818947,213.31109048943102,7.0,5
748,6,120.90258106168318,30.717308408613775,316.16397215986285,212.50860254319616,7.0,5
749,6,121.09425588593179,30.89956392352407,315.83896094074976,212.27624398419812,7.0,5
750,6,121.33886034280245,31.79740628287587,315.2363392190239,212.2195047088971,7.0,5
751,6,120.82503612927104,31.49132067388463,315.6552179614071,212.96240801693705,7.0,5
752,6,121.20222489197991,31.475056966259643,314.89407543611514,211.86746992133385,7.0,5
753,6,121.33265601433644,31.348607787012327,314.7086012160977,211.48053414311656,7.0,5
754,6,121.42082342681314,31.37162736127398,314.65730678404714,211.4297309116393,7.0,5
755,6,121.4298846742845,31.348587215329886,314.6968118684653,211.49459007064394,7.0,5
756,6,121.63901813854892,31.226419428264307,314.75534714801097,211.2965835115565,7.0,5
757,6,121.68064651404644,31.080062486236443,314.8618932975405,211.27104960768278,7.0,5
758,6,121.63628316205504,30.86538770486125,315.0217714712767,211.33836461305026,7.0,5
759,6,121.62619155820076,30.72157748392003,315.0507592245458,211.3167168319307,7.0,5
760,6,121.4755796981735,30.549821040919113,315.18779605569716,211.48584319519628,7.0,5
761,6,121.42166572534495,30.49655870500338,315.22975299923235,211.6034417191824,7.0,5
762,6,121.37114618937706,30.362401010222996,315.27333172661946,211.63309452618876,7.0,5
763,6,121.3933581356143,30.33611349752651,315.24032820900493,211.61515713707166,7.0,5
764,6,121.45272213231546,30.27512391971804,315.2478403340407,211.52114172014421,7.0,5
765,6,121.56257653235991,30.317071474496558,315.1826472947324,211.37112453426096,7.0,5
766,6,121.45715504971947,30.268896346342046,315.280362877394,211.56123788787548,7.0,5
767,6,121.47556210825718,30.22730401348555,315.2983665779243,211.59569242888068,7.0,5
768,6,121.50980646938946,30.261444466164534,315.22950873794053,211.57702931609296,7.0,5
769,6,121.52890034318837,30.25149783731716,315.20507719591393,211.58817010351993,7.0,5
770,6,121.63837643981415,30.326168533276785,315.11583888707355,211.52794858874586,7.0,5
771,6,121.71503756445406,30.415866587489504,315.0322321741239,211.50126352621135,7.0,5
772,6,121.75666256735725,30.421008946832657,315.0103365744927,211.47150078244795,7.0,5
773,6,121.77933649120118,30.423451754608195,314.9972538412163,211.46258617408574,7.0,5
774,6,121.83995960218135,30.504907594562567,314.93297749455485,211.3929561393503,7.0,5
775,6,121.83500334548467,30.519452963939074,314.9301790851029,211.38316284714398,7.0,5
776,6,121.9600507459276,30.721854563772254,314.8194679151149,211.31910593274625,7.0,5
777,6,121.97334502032356,30.776306687039778,314.81197244469104,211.32295115421257,7.0,5
778,6,121.95959699804935,30.774492586210442,314.82290316463644,211.3110544103172,7.0,5
779,6,122.02508100798214,30.849214590204156,314.7639946829011,211.20779444225573,7.0,5
780,6,121.956463124117,30.898247224439984,314.7417450980155,211.26387992068769,7.0,5
781,6,121.91464201916331,30.89496439428359,314.75552980086786,211.2837583313417,7.0,5
782,6,121.89628005336546,30.980401236638016,314.49238120114677,210.9479666179868,7.0,5
783,6,121.93771298110063,31.241047760104536,314.2664750636159,210.72099071703957,7.0,5
784,6,121.95071473593163,31.54308740945558,314.0771946786564,210.61655238255688,7.0,5
785,6,121.82852351433198,31.481497487645328,314.142740121942,210.589125955676,7.0,5
786,6,121.54807888383235,31.25708093009743,314.377320800426,210.7525041367055,7.0,5
787,6,121.34854777142786,31.221275446927194,314.51713436258115,210.96142882765236,7.0,5
788,6,121.22302587881173,31.374628222584235,314.51312221261776,211.140561089882,7.0,5
789,6,121.14011215999629,31.402937087452443,314.5604134631909,211.21017333075082,7.0,5
790,6,120.85797136840416,31.32958627495755,314.9263920979434,211.68082265969815,7.0,5
791,6,120.81338637058619,31.381197823488776,315.01970702117126,211.79786060576006,7.0,5
792,6,120.91416761577675,31.511270173344357,314.9615814804379,211.67256548164016,7.0,5
793,6,120.96502173196782,31.551561646211454,314.97369861390314,211.5855038866465,7.0,5
794,6,121.0316883746799,31.824888175166606,314.80532359011113,211.5064136357102,7.0,5
795,6,121.00092833987766,31.927831794231807,314.7503304946781,211.46329538906616,7.0,5
796,6,120.88938720983258,31.884027573916526,314.8353854584922,211.51572195990718,7.0,5
797,6,121.29013649513519,32.092203725010094,314.711312109314,211.03268279475475,7.0,5
798,6,121.2674695118985,32.060988097589956,314.81512111934865,210.9383899868894,7.0,5
799,6,121.25044522380122,32.16519549418477,314.8683593232673,210.9542801793873,7.0,5
800,6,121.24446764699154,32.31533240374853,314.84007658906717,210.8727550276024,7.0,5
801,6,121.14921753907966,32.38838048667067,314.91063234921734,210.94361796387085,7.0,5
802,6,120.98498551692362,32.382475929122535,314.9782394951885,211.05689776115426,7.0,5
803,6,120.85996396152542,32.01023819098519,315.3931880247041,211.1667604325243,7.0,5
804,6,120.82826225085063,31.89103422618848,315.54288883098184,211.17592962102088,7.0,5
805,6,120.83826333025965,31.866373453047103,315.5535146564541,211.0913763970317,7.0,5
806,6,120.70634427730833,31.79768481563893,315.6439802152728,211.20606725351593,7.0,5
807,6,120.69724544600378,31.73477273105189,315.5860672743807,211.06336441937302,7.0,5
808,6,120.56933777762242,31.689573070891214,315.66027486555123,211.23199782447878,7.0,5
809,6,120.55657131193632,31.624686964700345,315.71641358371687,211.23412609155713,7.0,5
810,6,120.47691483329284,31.530306666758534,315.80479731648506,211.31936852699897,7.0,5
811,6,120.52898924132015,31.55794259708236,315.757663357492,211.2554485770174,7.0,5
812,6,121.14873238747752,31.59943935086922,315.8353801981156,210.49323002460778,7.0,5
813,6,120.90040746381385,31.40781585570339,316.2903066394795,210.82361004625471,7.0,5
814,6,120.83151486292648,31.380373247497033,316.42546656934263,210.83581456699466,7.0,5
815,6,120.76819061308946,31.388989896545652,316.4850134595871,210.8216843181956,7.0,5
816,6,120.70232210746013,31.39424197789657,316.5472600120653,210.82471864767675,7.0,5
817,6,120.62084927256795,31.389994817225997,316.6086222080979,210.85245846642238,7.0,5
818,6,120.5571067185477,31.389422372776153,316.65132344216596,210.85751995147794,7.0,5
819,6,120.53742766680512,31.41370529634436,316.6806678859106,210.8234499863247,7.0,5
820,6,120.51284194670542,31.43543569135207,316.7205754349151,210.80554261869383,7.0,5
821,6,120.44498223737408,31.429395743635865,316.7914392361346,210.8509171871329,7.0,5
822,6,120.39575011199906,31.421252414350192,316.8505573629334,210.86880139604213,7.0,5
823,6,120.27231299772747,31.299431930737953,316.96125153548365,210.94576467098125,7.0,5
824,6,120.22593058735345,31.242102053918742,316.9793096200046,210.9435223486833,7.0,5
825,6,120.21279099534702,31.27642440347185,316.9550084344749,210.97047323501496,7.0,5
826,6,120.20974301512503,31.293384432330896,316.9345319894607,210.97051975969148,7.0,5
827,6,120.23721867982378,31.233811068674754,316.95930156474094,210.91152273570063,7.0,5
828,6,120.24334345447953,31.216325355903507,316.9703985099204,210.89487298106275,7.0,5
829,6,120.20994707931436,31.04945994184142,317.0139299003432,210.84254824003426,7.0,5
830,6,120.16820765065106,30.971589962002497,317.0149100090887,210.8413077379181,7.0,5
831,6,120.2341098590976,31.011034674117283,316.90258195315926,210.74103085351504,7.0,5
832,6,120.3068746800937,31.047286509197647,316.84663225467415,210.6824936903719,7.0,5
833,6,119.99009158095821,30.72425346313416,317.14200142224166,211.07696014935215,7.0,5
834,6,119.91801246871006,30.60858264251023,317.1964465453849,211.21715750737917,7.0,5
835,6,119.6328182604442,30.293372664151548,317.5110887885121,211.72387641526066,7.0,5
836,6,119.62194427528812,30.19271649676685,317.5333082262344,211.90001938857003,7.0,5
837,6,119.83150105670197,30.346008655797206,317.2461517128909,211.76390542701063,7.0,5
838,6,119.97176684230963,30.4225656396069,317.07320668287673,211.69479876405046,7.0,5
839,6,120.03823678787246,30.46657117662022,317.04726051246433,211.80141928994408,7.0,5
840,6,120.15008256148346,30.530560641151922,316.946678567414,211.74298117008055,7.0,5
841,6,120.217924715452,30.720534292254584,316.9464353108235,211.90757175424773,7.0,5
842,6,120.42074238258805,30.871560784540137,316.8352826459503,211.71037139795607,7.0,5
843,6,120.56498700860382,30.971400781853163,316.7327442910092,211.58208146748817,7.0,5
844,6,120.67165529933096,30.970902327282673,316.65276585381037,211.38822558774518,7.0,5
845,6,120.59183359163961,30.635599527192397,316.74165275397627,211.2528640112776,7.0,5
846,6,120.62338655014486,30.490481186790603,316.7271319931393,211.10098759515535,7.0,5
847,6,120.79779807607329,30.539384411932872,316.61589685176136,210.86609234893845,7.0,5
848,6,120.91734550907357,30.56500886680692,316.5297814392378,210.68750998177873,7.0,5
849,6,120.90000377245988,30.82670829319234,316.39085037896245,210.81021547312417,7.0,5
850,6,120.8574505435172,30.935385263429836,316.35774531239105,210.8861516786011,7.0,5
851,6,120.84763675388893,30.924977923819128,316.3641819591408,210.89355604683976,7.0,5
852,6,120.83349845226925,30.893072420869416,316.38227696833656,210.90185182655307,7.0,5
853,6,120.91817113071167,31.042158129385115,316.3671901281243,210.9325908536034,7.0,5
854,6,120.77181078137404,31.02148169044294,316.4561076916311,211.15307601659686,7.0,5
855,6,120.4655078592963,30.70902711950562,316.76655386482594,211.54741077640261,7.0,5
856,6,120.31200280443619,30.50801365458811,316.931400160491,211.80114562989712,7.0,5
857,6,120.36402023441818,30.453427219681743,316.9646646684083,211.9450098589941,7.0,5
858,6,120.48751534107129,30.423843498987637,316.8495843674221,211.89140054128018,7.0,5
859,6,120.497676690605,30.335402029909872,316.8750561514596,211.996958821583,7.0,5
860,6,120.52115706048926,30.17519528359213,316.8749949950183,211.99683071231925,7.0,5
861,6,120.71106974951635,30.236764262070494,316.7035517832456,211.76547817405455,7.0,5
862,6,120.76482907117101,30.236184523305553,316.627843550304,211.6878822923357,7.0,5
863,6,120.72637266601984,30.216521398148245,316.6195902038812,211.78851395509304,7.0,5
864,6,120.71336285733375,30.201078926419086,316.6147276710267,211.86492589778834,7.0,5
865,6,120.7282412670868,30.307839142888838,316.5755566291996,212.00981867816105,7.0,5
866,6,120.7651772167082,30.356155082996125,316.53347580078116,212.06349703337816,7.0,5
867,6,120.87933760628205,30.30319388969754,316.59737017223176,212.00904696573872,7.0,5
868,6,121.03542126493504,30.366701842207434,316.5146065383732,211.8638953916863,7.0,5
869,6,120.67348206221675,29.909887878704865,316.8876352993033,212.2557105839314,7.0,5
870,6,120.62456744181596,29.77080049295904,316.9297645634045,212.34596774673153,7.0,5
871,6,120.63356129689942,29.710793512424857,316.89083610611084,212.424934926393,7.0,5
872,6,120.95361787353417,29.915645627545715,316.32876221935464,211.89006727094068,7.0,5
873,6,120.92186867610589,29.70422713512724,316.3142339153559,211.83087215910234,7.0,5
874,6,120.92602483639482,29.60475764716186,316.307166783438,211.8543630623318,7.0,5
875,6,121.05263149880358,29.943923072142496,316.08258046167487,211.9144813883892,7.0,5
876,6,121.11751383018488,30.085460061225177,315.9990768745174,211.97199532733623,7.0,5
877,6,121.14159660779823,30.13574755187679,315.8920861819638,211.94433730795998,7.0,5
878,6,121.17091074192304,30.136698892728802,315.8572486533188,211.92899745851452,7.0,5
879,6,121.2296195866233,30.214255087048628,315.7812034841373,211.9149542036354,7.0,5
880,6,121.27857814224649,30.267883361437583,315.73164119229006,211.90150234490682,7.0,5
881,6,121.49569671274712,30.47384321236622,315.51900560446137,211.63881485629577,7.0,5
882,6,121.55770932242483,30.555981854673945,315.44718280834195,211.5446715901682,7.0,5
883,6,121.61288779660546,30.522033292004778,315.4806407534369,211.4020400211531,7.0,5
884,6,121.53913733683255,30.377602677439683,315.5901617964013,211.39260646300167,7.0,5
885,6,121.5159882848672,30.286328711381415,315.6266859239952,211.31823240087982,7.0,5
886,6,121.48458909909913,30.246418825189266,315.6527457898294,211.2965943747564,7.0,5
887,6,121.36233092465419,30.051367333493644,315.77719409924526,211.3633536989051,7.0,5
888,6,121.33460637779758,29.974571222646333,315.7984564614978,211.3760414081696,7.0,5
889,6,121.34235238748936,29.962754945400008,315.7769166697818,211.37614984390243,7.0,5
890,6,121.32856860369608,29.927232739371902,315.7780182352874,211.39866604632294,7.0,5
891,6,121.2401555073896,29.912491004592937,315.86199865680004,211.6113476993457,7.0,5
892,6,121.2542403760042,29.950258649579723,315.85077143354584,211.6794486825197,7.0,5
893,6,120.99517756520046,29.559231441271038,316.162706126349,212.06940165619977,7.0,5
894,6,120.9819330945148,29.42725622300472,316.19396392754595,212.20274101850072,7.0,5
895,6,121.2111725418181,29.6992292006955,315.9420494237408,212.1355677734966,7.0,5
896,6,121.31937634445927,29.78097397316965,315.8202457480663,212.10530592373118,7.0,5
897,6,121.42578800174746,29.710657698042965,315.7885672611168,212.01214973954734,7.0,5
898,6,121.53499003530423,29.697964607775575,315.7183636417559,211.90575268315416,7.0,5
899,6,121.42054326735324,29.00202756538934,315.8549301954524,211.68935346654678,7.0,5
900,6,121.42545649141135,28.680669283707516,315.87558268274995,211.62119378133127,7.0,5
901,6,121.60645833049769,28.834289406324757,315.6749564434664,211.53214625271175,7.0,5
902,6,121.62497363811222,28.91386942625043,315.581685140165,211.6435655410108,7.0,5
903,6,122.04352710010349,29.761656896354026,315.0288783923098,211.50855533332475,7.0,5
904,6,122.07974207486768,29.99903448389891,314.92958851480506,211.60155681086547,7.0,5
905,6,122.10942243054635,29.759591901270426,315.08621260604116,211.44285123053157,7.0,5
906,6,122.06223055667091,29.57575360012241,315.20417929621766,211.40404941204713,7.0,5
907,6,122.16569839768405,30.015552260759847,314.98605269681684,211.38728220526377,7.0,5
908,6,122.19545305664877,30.254685636067293,314.89777861212895,211.3542360883389,7.0,5
909,6,122.02751339726832,30.094343374562797,315.0541388786506,211.3969975892433,7.0,5
910,6,121.8902941480584,29.957963591408657,315.2022616225534,211.4737308308129,7.0,5
911,6,121.79947235586587,29.84276221562955,315.37945538766473,211.60061904400936,7.0,5
912,6,121.74436974778209,29.776698614185094,315.4460550130008,211.64826431059862,7.0,5
913,6,121.63727698316089,29.89578863657779,315.64911153210835,212.04143190375004,7.0,5
914,6,121.59466058234179,29.940991268052414,315.7287563291276,212.18685928757066,7.0,5
915,6,122.05515451371005,30.68564619117683,315.1564083992056,211.72745419780864,7.0,5
916,6,122.1220315920012,30.912020860056955,315.04848127889716,211.57853652063068,7.0,5
917,6,122.43151165592943,31.47233880009523,314.4833284561321,211.00627514045743,7.0,5
918,6,122.44492085351499,31.666780690030365,314.3708445280203,210.8033502167802,7.0,5
919,6,122.56539818041841,31.925379529497974,314.3401530749436,210.5339248645652,7.0,5
920,6,122.47984488337583,31.996127615766085,314.45871311768553,210.45015378508145,7.0,5
